,dataplus,dualpane,externalquiz,forumng,glossary,homepage,oucollaborate,oucontent,ouelluminate,ouwiki,page,questionnaire,quiz,resource,sharedsubpage,subpage,url
factor_0,0.00878336816551571,0.017972601629688407,0.08044472630465462,0.3266846607412472,0.04121051928542899,0.3881311120673247,0.10769365989647081,0.31215277069154396,0.02159536422474938,0.11221819331981794,0.03365841054743029,0.01757357586725935,0.21199369010250937,0.2634311298083805,0.002204699993032165,0.3274922779166246,0.223421933042115
factor_1,0.001440432207642073,0.0029290791375742396,0.013390327713542946,0.05331218974489511,0.006777504574490502,0.06328078136201286,0.017679634207534413,0.050977140397771396,0.0035817320996524462,0.01859790875219251,0.005462067418419322,0.0028363362682236426,0.03413591111676714,0.04297298539347057,0.00035598150151030616,0.05347006158021758,0.03651224926760844
factor_2,0.006607545461568262,0.013565423588657597,0.06004804549057826,0.2463941096052796,0.030960465377032738,0.2928822243899306,0.08099857393169974,0.23536530352199483,0.01614346490710828,0.08395622637537174,0.025456254883298775,0.013337474000878915,0.16098911805066493,0.19872796798131787,0.0016715544542528673,0.24694133438369167,0.16838290798716649
factor_3,0.007692916029188061,0.015759520979128964,0.07088977990857732,0.28581315610706637,0.036128750466160035,0.3394595126605177,0.09438046992358372,0.27321437478194355,0.019021801190726672,0.09886879397590533,0.029397097012543196,0.015297739954275701,0.1846022332293632,0.23041504289603004,0.0019202925357678163,0.28655381496092097,0.19560174814486056
factor_4,0.012671113927454477,0.026135273999959043,0.11430038838825882,0.4736997441264963,0.059261650813135454,0.5633350340356192,0.15516460292168946,0.45235442605212584,0.03081867332940153,0.16029871897015113,0.049090374665539185,0.025747674167655853,0.31152580825005766,0.38211119618620215,0.0032297860922802595,0.47462898820143,0.32353826004087716
