{
  "AAA_2013J": {
    "dataplus": 0.12957460118861439,
    "forumng": 0.09475370863683141,
    "glossary": 0.0124220623501199,
    "homepage": 0.08989010521905332,
    "oucollaborate": 0.05155875299760194,
    "oucontent": 0.21771131525152826,
    "resource": 0.07694660598052175,
    "subpage": 0.1698033977880986,
    "url": 0.12153134635149025
  },
  "AAA_2014J": {
    "dataplus": 0.12675797407849965,
    "forumng": 0.0705688358557571,
    "glossary": 0.018198287220026345,
    "homepage": 0.09855396666297438,
    "oucollaborate": 0.08102766798418973,
    "oucontent": 0.14828416793540083,
    "resource": 0.11408636270853048,
    "subpage": 0.23757349726532173,
    "url": 0.1363886526242058
  },
  "BBB_2013B": {
    "forumng": 0.06889624005921967,
    "glossary": 0.054545454545454654,
    "homepage": 0.11972627527774742,
    "oucontent": 0.062733499377335,
    "ouelluminate": 0.02856310113669478,
    "quiz": 0.1739377334993774,
    "resource": 0.10730923059690184,
    "sharedsubpage": 0.012453300124533,
    "subpage": 0.08679132086791318,
    "url": 0.1067890315774446
  },
  "BBB_2013J": {
    "forumng": 0.04250998220846513,
    "glossary": 0.05578358208955205,
    "homepage": 0.0674780570763313,
    "oucollaborate": 0.042117537313432894,
    "oucontent": 0.13111623486341886,
    "quiz": 0.17380058698601863,
    "resource": 0.06393931880306737,
    "sharedsubpage": 0.007276119402985078,
    "subpage": 0.08034817328194184,
    "url": 0.09505188702949972
  },
  "BBB_2014B": {
    "forumng": 0.0580247700480296,
    "glossary": 0.030857404860155903,
    "homepage": 0.05466740561691216,
    "oucollaborate": 0.04309949564419984,
    "oucontent": 0.1255383896374268,
    "quiz": 0.23990814737344662,
    "resource": 0.07918163486064542,
    "sharedsubpage": 0.006189821182943603,
    "subpage": 0.09899268778754339,
    "url": 0.1311468363136176
  },
  "BBB_2014J": {
    "forumng": 0.05019241507326855,
    "glossary": 0.027852044127190025,
    "homepage": 0.08602938337048659,
    "oucollaborate": 0.07842340511987016,
    "oucontent": 0.16399589044090349,
    "questionnaire": 0.12588932806324088,
    "quiz": 0.13126773455377588,
    "resource": 0.01819119286510592,
    "subpage": 0.1487992465860931,
    "url": 0.04216538789428853
  },
  "CCC_2014B": {
    "forumng": 0.05193966508998741,
    "homepage": 0.10201334613099318,
    "oucollaborate": 0.06190715602480316,
    "oucontent": 0.02508690742057061,
    "page": 0.06913021618904007,
    "quiz": 0.14314064179333646,
    "resource": 0.1903513722939166,
    "subpage": 0.11335748679593509,
    "url": 0.07647818396866227
  },
  "CCC_2014J": {
    "forumng": 0.04611237263362953,
    "homepage": 0.046421217839047776,
    "oucollaborate": 0.018441190422689897,
    "oucontent": 0.03377032724994328,
    "page": 0.10837745250700803,
    "quiz": 0.0764514719040856,
    "resource": 0.020380391312506074,
    "subpage": 0.18164628533859276,
    "url": 0.020720385802947244
  },
  "DDD_2013B": {
    "externalquiz": 0.1747650539505748,
    "forumng": 0.11653931894118705,
    "glossary": 0.016404331887128785,
    "homepage": 0.0900932326787961,
    "oucontent": 0.16929173122473337,
    "ouelluminate": 0.11252149982800169,
    "ouwiki": 0.12186737761642756,
    "page": 0.04540441176470588,
    "resource": 0.15832117971155418,
    "subpage": 0.1738019395483825,
    "url": 0.03934983552933824
  },
  "DDD_2013J": {
    "externalquiz": 0.056057320853246995,
    "forumng": 0.08030413964809353,
    "glossary": 0.00904363983034359,
    "homepage": 0.05718680383839033,
    "oucollaborate": 0.11001698628788051,
    "oucontent": 0.10561294172435731,
    "ouwiki": 0.1250544498056561,
    "resource": 0.2012062726176117,
    "subpage": 0.10602134252688097,
    "url": 0.04055946225840612
  },
  "DDD_2014B": {
    "externalquiz": 0.16849796725634555,
    "forumng": 0.1095923943869398,
    "glossary": 0.006674643990698777,
    "homepage": 0.13430218862646018,
    "oucollaborate": 0.08840207639790103,
    "oucontent": 0.06685707183610262,
    "ouwiki": 0.10589375275515893,
    "resource": 0.18551646204822742,
    "subpage": 0.0655085513308076,
    "url": 0.037498325099305396
  },
  "DDD_2014J": {
    "externalquiz": 0.04458556149732638,
    "forumng": 0.06890010079126942,
    "glossary": 0.016593396251781363,
    "homepage": 0.07612466864182124,
    "oucollaborate": 0.13445579139411692,
    "oucontent": 0.13509527089072534,
    "ouwiki": 0.004215887690463961,
    "resource": 0.01602016865762738,
    "subpage": 0.18056381572736716,
    "url": 0.03767553584626745
  },
  "EEE_2013J": {
    "dualpane": 0.1173698864853286,
    "forumng": 0.07283053879630721,
    "homepage": 0.1490273250927575,
    "oucollaborate": 0.0375075620084695,
    "oucontent": 0.225603749792927,
    "ouwiki": 0.1653872426732789,
    "page": 0.017651888341543513,
    "quiz": 0.3755358907488723,
    "resource": 0.005967822449155027,
    "subpage": 0.15908070576803585,
    "url": 0.15049166713851617
  },
  "EEE_2014B": {
    "dualpane": 0.038706391647568145,
    "forumng": 0.10114605187231784,
    "homepage": 0.14431042258173113,
    "oucollaborate": 0.16022408963585427,
    "oucontent": 0.25837759248308734,
    "ouwiki": 0.12058049483373892,
    "page": 0.043196225858764495,
    "quiz": 0.43962585034013607,
    "resource": 0.01874363381716323,
    "subpage": 0.1201710630776374,
    "url": 0.1142768744578699
  },
  "EEE_2014J": {
    "dualpane": 0.022538986354775834,
    "forumng": 0.0887857714078718,
    "homepage": 0.14590704318206799,
    "oucollaborate": 0.08646616541353398,
    "oucontent": 0.20639395706233965,
    "ouwiki": 0.21630699592036812,
    "page": 0.02642408490361704,
    "quiz": 0.35953549677302094,
    "resource": 0.017899424739384703,
    "subpage": 0.14017006591862421,
    "url": 0.15081339712918648
  },
  "FFF_2013B": {
    "dataplus": 0.09115947990628298,
    "dualpane": 0.09383932601173493,
    "forumng": 0.08695974282824509,
    "glossary": 0.006597560147568064,
    "homepage": 0.126962477284049,
    "oucontent": 0.20668689363660808,
    "ouelluminate": 0.07063502948841044,
    "ouwiki": 0.07466226613322617,
    "page": 0.1893592677345537,
    "questionnaire": 0.181844305870858,
    "quiz": 0.12341260536351183,
    "resource": 0.2521159068737313,
    "subpage": 0.23303355770430725,
    "url": 0.1454347826086956
  },
  "FFF_2013J": {
    "dataplus": 0.10586582367404297,
    "dualpane": 0.14283935242839327,
    "folder": 0.22507903055848325,
    "forumng": 0.06068953866945141,
    "glossary": 0.0027029203041072838,
    "homepage": 0.11532850651081847,
    "oucollaborate": 0.08185735417068647,
    "oucontent": 0.16712779127026728,
    "ouwiki": 0.0800578910167951,
    "page": 0.17932631857587072,
    "questionnaire": 0.220136237742346,
    "quiz": 0.17071274007181494,
    "repeatactivity": 0.0,
    "resource": 0.021740845059144528,
    "subpage": 0.20217042500878118,
    "url": 0.11389791146887694
  },
  "FFF_2014B": {
    "dataplus": 0.11193852019540076,
    "dualpane": 0.04668705402650348,
    "folder": 0.19924723594448485,
    "forumng": 0.11737877824318681,
    "glossary": 0.01217303524242156,
    "homepage": 0.1601765029172771,
    "oucollaborate": 0.07923073609854844,
    "oucontent": 0.15032693589020782,
    "ouwiki": 0.08722640743226984,
    "page": 0.03574044571407647,
    "questionnaire": 0.2431517990760625,
    "quiz": 0.20350261566909253,
    "resource": 0.0249331825227263,
    "subpage": 0.24145153260792254,
    "url": 0.109410530855485
  },
  "FFF_2014J": {
    "dataplus": 0.09705777424761536,
    "dualpane": 0.06296627872276957,
    "forumng": 0.05550042373354932,
    "glossary": 0.007048430122381839,
    "homepage": 0.11274770232917045,
    "htmlactivity": 0.15973522150782893,
    "oucollaborate": 0.0623923972178222,
    "oucontent": 0.19563657668744744,
    "ouwiki": 0.11429528394613442,
    "page": 0.1346775135261367,
    "questionnaire": 0.2151880746330164,
    "quiz": 0.10125076533372784,
    "repeatactivity": 0.0008952551477170994,