archetype,dataplus,dualpane,externalquiz,folder,forumng,glossary,homepage,htmlactivity,oucollaborate,oucontent,ouelluminate,ouwiki,page,questionnaire,quiz,resource,sharedsubpage,subpage,url
Moderate Performer,0.009106270795840891,0.005856926476811662,0.012032226266066055,0.014362703635682303,0.22108402749217942,0.02062664463363287,0.4034262296788613,0.0012121503652249043,0.04766048820537365,0.3451544804654584,0.0035775222659059675,0.015401346570161645,0.026466195815153533,0.03199823705599205,0.2940596953083994,0.32120119450197676,0.0005596656595843798,0.26840101204363576,0.08533699617770044
Talented but Inconsistent,0.07691587408828676,0.04524224306062546,0.06627643275036622,0.05843860507720649,0.3976432142697716,0.02375774365892786,0.5197871532955329,0.003757500963078515,0.08791816420491275,0.41845840840431286,0.016674557601080525,0.04437251664468932,0.08361160922603882,0.0680806711755691,0.35995085004002336,0.38770743850178807,0.00047470053353478666,0.4258212730567668,0.1992988849173696
