archetype,dataplus,dualpane,externalquiz,forumng,glossary,homepage,htmlactivity,oucollaborate,oucontent,ouelluminate,ouwiki,page,questionnaire,quiz,repeatactivity,resource,sharedsubpage,subpage,url
Moderate Performer,0.0011462236599016071,0.02425392036071611,0.012281532869679746,0.32419000394366415,0.03102156207726769,0.43551573336630695,0.0065196015102583485,0.07042615891917885,0.388810226377005,0.005997021560268504,0.039856883196420216,0.014125266774058273,0.015672869954090774,0.2999166205368485,0.0,0.26336553136872887,0.0010686136807856385,0.3256508773340813,0.16325771491901658
Talented but Inconsistent,0.004709358698215198,0.06471321778775799,0.06088281686122393,0.5256809223302601,0.04487876318150342,0.5549160424207511,0.041530111953157325,0.14067168059319982,0.5205905832423141,0.03960531794336675,0.2059770485360527,0.09829662017330561,0.12377754591055311,0.3652182299812461,0.0,0.3440644249641122,0.0017473776023572694,0.4796210297225104,0.30815028610776907
