archetype,dataplus,dualpane,externalquiz,folder,forumng,glossary,homepage,htmlactivity,oucollaborate,oucontent,ouelluminate,ouwiki,page,questionnaire,quiz,repeatactivity,resource,sharedsubpage,subpage,url
Moderate Performer,0.006669581945853668,0.0017410323716917301,0.006516196635209533,0.0015603707221829974,0.2738552370336337,0.022420037192126523,0.4618243102262893,0.0014219986127974862,0.058015136957769664,0.42254275125204993,0.004709017602113823,0.08511527465130757,0.010965300407014112,0.05823716044153274,0.31771760283886663,0.0,0.18898548734520512,0.0001854039828302843,0.32838197063459235,0.12177303342930497
Talented but Inconsistent,0.06033581045476781,0.017398416078674827,0.0423111820413592,0.017585585389124574,0.4567505199930291,0.027072763811434624,0.5792213267883354,0.008387863258560342,0.08871571908946309,0.5059627217627453,0.029563771857638654,0.1932520709626633,0.06652119057450194,0.09481675895389724,0.34319662776212445,8.362602441879912e-05,0.27209185782276774,0.0008750582290995035,0.5156173612542875,0.28581916159228543
