archetype,dataplus,dualpane,externalquiz,folder,forumng,glossary,homepage,htmlactivity,oucollaborate,oucontent,ouelluminate,ouwiki,page,questionnaire,quiz,repeatactivity,resource,sharedsubpage,subpage,url
Moderate Performer,0.013287137117627069,0.027034139944113862,0.01938877918110037,0.014885774031765735,0.3934487560265304,0.05272130054618994,0.5369820130509184,0.007065135873165593,0.11050576448609259,0.5012886734258692,0.008703183790836727,0.10192110305465016,0.03166565019956037,0.07030770838260016,0.4407697477421266,0.0,0.35931150451984445,0.0014326285924365315,0.41914791693849585,0.20707894489230533
Talented but Inconsistent,0.10447994231228487,0.08531442708689589,0.08921057565612427,0.06530159288090763,0.5708366860784899,0.06369934762959108,0.6442867011242297,0.04267895614195884,0.18283235405151346,0.5901121298150392,0.048829170398669464,0.26574103774067276,0.13610255468676705,0.14319834823427116,0.4616756685138198,5.7064553961376466e-05,0.435477718006628,0.002437336957838594,0.5687682685723909,0.37721681539922286
