K,precision@k,recall@k,ndcg@k,gap_coverage,n_evaluated
3,0.3371212121212121,0.6803416469893744,0.4933354359301619,0.3285535159991015,440.0
5,0.6857798165137615,0.8582453797476732,0.4564138420887375,0.4090545199099406,436.0
10,1.0,0.986110948244131,0.5127596289731738,0.481577041241956,443.0
